{
  "gaussian_nb": {
    "model": "GaussianNB",
    "f1": 0.9459094484099307,
    "accuracy": 0.9090273791399406,
    "precision": 0.9786737498272712,
    "recall": 0.9152678661171977,
    "roc_auc": 0.9456672902056626,
    "pr_auc": 0.9885493413193641
  },
  "categorical_nb": {
    "model": "CategoricalNB",
    "f1": 0.953271167252577,
    "accuracy": 0.9217061422117953,
    "precision": 0.9903127466303524,
    "recall": 0.918900679178094,
    "roc_auc": 0.9776549167999468,
    "pr_auc": 0.9959605266653591
  },
  "similarity_threshold": 0.6,
  "train_size": 320532,
  "test_size": 80134,
  "benign_near_malignant_count": 348211,
  "benign_near_malignant_pct": 86.90804809991364
}