{
  "n": 300000,
  "n_malignant": 18750,
  "n_benign": 281250,
  "ratio": 15,
  "threshold": 0.6532960281102898,
  "pr_auc": 0.9954448600179073,
  "roc_auc": 0.999620765202963,
  "f1": 0.970915907873594,
  "precision": 0.9750941366325981,
  "recall": 0.9667733333333334,
  "tp": 18127,
  "fp": 463,
  "fn": 623,
  "tn": 280787
}