{
  "gaussian_nb": {
    "model": "GaussianNB",
    "f1": 0.8140027452798458,
    "accuracy": 0.744665185813762,
    "precision": 0.7121747152764523,
    "recall": 0.9498080145951335,
    "roc_auc": 0.8869313650011694,
    "pr_auc": 0.9227646185579359
  },
  "categorical_nb": {
    "model": "CategoricalNB",
    "f1": 0.8609972748642633,
    "accuracy": 0.8332293408540694,
    "precision": 0.8446217578515601,
    "recall": 0.8780203228749018,
    "roc_auc": 0.9086733350572525,
    "pr_auc": 0.926796732782405
  },
  "similarity_threshold": 0.6,
  "train_size": 320532,
  "test_size": 80134,
  "benign_near_malignant_count": 235691,
  "benign_near_malignant_pct": 58.82480669684975,
  "malignant_iqr_windows": {
    "age_approx": {
      "q1": 55.0,
      "q3": 70.0
    },
    "clin_size_long_diam_mm": {
      "q1": 2.4,
      "q3": 7.87
    },
    "tbp_lv_area_perim_ratio": {
      "q1": 15.3038,
      "q3": 24.63749
    },
    "tbp_lv_norm_border": {
      "q1": 2.40411758600583,
      "q3": 4.92449740665718
    },
    "tbp_lv_symm_2axis": {
      "q1": 0.209039548022599,
      "q3": 0.4
    },
    "tbp_lv_eccentricity": {
      "q1": 0.616803802283718,
      "q3": 0.8363595
    },
    "tbp_lv_color_std_mean": {
      "q1": 0.289490253783262,
      "q3": 2.505743
    },
    "tbp_lv_norm_color": {
      "q1": 0.880360578080507,
      "q3": 7.55084452002864
    },
    "tbp_lv_deltaLBnorm": {
      "q1": 5.621653,
      "q3": 10.22556
    },
    "tbp_lv_radial_color_std_max": {
      "q1": 0.2579156,
      "q3": 2.41418981157349
    },
    "tbp_lv_nevi_confidence": {
      "q1": 0.0001866102,
      "q3": 24.53914
    },
    "color_contrast_3d": {
      "q1": 8.636996277848276,
      "q3": 14.617469282934756
    },
    "elongation": {
      "q1": 1.2665126382609633,
      "q3": 1.7700145318779477
    },
    "nevi_color_tension": {
      "q1": -0.837568399311978,
      "q3": 22.824041
    },
    "log_area": {
      "q1": 1.3486750450455764,
      "q3": 3.3934045391080376
    },
    "stdL_ratio": {
      "q1": 0.5452666552722127,
      "q3": 1.902790340030488
    },
    "compactness": {
      "q1": 0.5100507972481056,
      "q3": 0.8211278488268278
    },
    "chroma_contrast": {
      "q1": 0.6661900000000003,
      "q3": 4.493131987740295
    },
    "radial_color_ratio": {
      "q1": 0.5218394380204163,
      "q3": 1.1061481221582183
    }
  }
}