{
  "n": 300000,
  "n_malignant": 11538,
  "n_benign": 288462,
  "ratio": 25,
  "threshold": 0.6994692911182891,
  "pr_auc": 0.9922302692218771,
  "roc_auc": 0.999540132289495,
  "f1": 0.9607174103237095,
  "precision": 0.9698816463522346,
  "recall": 0.951724735656093,
  "tp": 10981,
  "fp": 341,
  "fn": 557,
  "tn": 288121
}