{
  "n": 401059,
  "n_malignant": 393,
  "n_benign": 400666,
  "prevalence": 0.0009799056996601498,
  "threshold": 0.2722611864574011,
  "pr_auc": 0.05980624722739357,
  "roc_auc": 0.9443665800259361,
  "f1": 0.016419713517911293,
  "precision": 0.008290181238797052,
  "recall": 0.8473282442748091,
  "tp": 333,
  "fp": 39835,
  "fn": 60,
  "tn": 360831
}