{
  "n": 300000,
  "n_malignant": 50000,
  "n_benign": 250000,
  "ratio": 5,
  "threshold": 0.5031807472243075,
  "pr_auc": 0.9982458315179248,
  "roc_auc": 0.99961601256,
  "f1": 0.9809583720256817,
  "precision": 0.9795010867614509,
  "recall": 0.98242,
  "tp": 49121,
  "fp": 1028,
  "fn": 879,
  "tn": 248972
}