{
  "n": 300000,
  "n_malignant": 9677,
  "n_benign": 290323,
  "ratio": 30,
  "threshold": 0.2389313387910556,
  "pr_auc": 0.6342652712908812,
  "roc_auc": 0.9519541664624472,
  "f1": 0.6145460739226708,
  "precision": 0.6819556451612904,
  "recall": 0.5592642347835073,
  "tp": 5412,
  "fp": 2524,
  "fn": 4265,
  "tn": 287799
}