{
  "n": 300000,
  "n_malignant": 50000,
  "n_benign": 250000,
  "ratio": 5,
  "threshold": 0.5196031808944503,
  "pr_auc": 0.9982723962228913,
  "roc_auc": 0.9996225268799999,
  "f1": 0.9810252563140786,
  "precision": 0.9812706353176588,
  "recall": 0.98078,
  "tp": 49039,
  "fp": 936,
  "fn": 961,
  "tn": 249064
}