{
  "n": 300000,
  "n_malignant": 299,
  "n_benign": 299701,
  "ratio": 1000,
  "threshold": 0.97712450736636,
  "pr_auc": 0.014705634203272816,
  "roc_auc": 0.6985116682458511,
  "f1": 0.06566037735849056,
  "precision": 0.03700552956188856,
  "recall": 0.2909698996655518,
  "tp": 87,
  "fp": 2264,
  "fn": 212,
  "tn": 297437
}