{
  "n": 300000,
  "n_malignant": 598,
  "n_benign": 299402,
  "ratio": 500,
  "threshold": 0.825864416416967,
  "pr_auc": 0.8138749973834835,
  "roc_auc": 0.9870559652251303,
  "f1": 0.776255707762557,
  "precision": 0.8551307847082495,
  "recall": 0.7107023411371237,
  "tp": 425,
  "fp": 72,
  "fn": 173,
  "tn": 299330
}