{
  "n_test": 80211,
  "n_malignant_test": 78,
  "n_benign_test": 80133,
  "pr_auc": 0.0606648015972667,
  "roc_auc": 0.9608788210113506,
  "best_f1_threshold": 0.9491958945591986,
  "best_f1": 0.16730038022813687,
  "precision_at_best_f1": 0.11891891891891893,
  "recall_at_best_f1": 0.28205128205128205,
  "tp_at_best_f1": 22,
  "fp_at_best_f1": 163,
  "fn_at_best_f1": 56,
  "tn_at_best_f1": 79970
}