{
  "n": 300000,
  "n_malignant": 374,
  "n_benign": 299626,
  "ratio": 800,
  "threshold": 0.7845170426360841,
  "pr_auc": 0.03678414870170993,
  "roc_auc": 0.6608811355589791,
  "f1": 0.13113250802384227,
  "precision": 0.07913669064748201,
  "recall": 0.38235294117647056,
  "tp": 143,
  "fp": 1664,
  "fn": 231,
  "tn": 297962
}