{
  "n": 401059,
  "n_malignant": 393,
  "n_benign": 400666,
  "prevalence": 0.0009799056996601498,
  "threshold": 0.33453027165116034,
  "pr_auc": 0.06282981866917679,
  "roc_auc": 0.9468107483990809,
  "f1": 0.01814527082088336,
  "precision": 0.00917053348342989,
  "recall": 0.8498727735368957,
  "tp": 334,
  "fp": 36087,
  "fn": 59,
  "tn": 364579
}