{
  "n": 300000,
  "n_malignant": 427,
  "n_benign": 299573,
  "ratio": 700,
  "threshold": 0.9086780751235707,
  "pr_auc": 0.1648490964372515,
  "roc_auc": 0.8460776932062812,
  "f1": 0.3184713375796178,
  "precision": 0.2604166666666667,
  "recall": 0.4098360655737705,
  "tp": 175,
  "fp": 497,
  "fn": 252,
  "tn": 299076
}