{
  "n_test": 80212,
  "n_malignant_test": 79,
  "n_benign_test": 80133,
  "pr_auc": 0.0801625006901632,
  "roc_auc": 0.9456846031447402,
  "best_f1_threshold": 0.933734242881693,
  "best_f1": 0.1918819188191882,
  "precision_at_best_f1": 0.13541666666666666,
  "recall_at_best_f1": 0.3291139240506329,
  "tp_at_best_f1": 26,
  "fp_at_best_f1": 166,
  "fn_at_best_f1": 53,
  "tn_at_best_f1": 79967
}