{
  "n": 300000,
  "n_malignant": 598,
  "n_benign": 299402,
  "ratio": 500,
  "threshold": 0.8533530912995182,
  "pr_auc": 0.8206311354605225,
  "roc_auc": 0.9870787307828477,
  "f1": 0.7783985102420856,
  "precision": 0.8781512605042017,
  "recall": 0.6989966555183946,
  "tp": 418,
  "fp": 58,
  "fn": 180,
  "tn": 299344
}