{
  "n": 300000,
  "n_malignant": 14285,
  "n_benign": 285715,
  "ratio": 20,
  "threshold": 0.6610880750012268,
  "pr_auc": 0.9938085668893942,
  "roc_auc": 0.9995473662348395,
  "f1": 0.9658564001686104,
  "precision": 0.9693294789536769,
  "recall": 0.9624081204060203,
  "tp": 13748,
  "fp": 435,
  "fn": 537,
  "tn": 285280
}