{
  "n": 300000,
  "n_malignant": 427,
  "n_benign": 299573,
  "ratio": 700,
  "threshold": 0.9458219423257456,
  "pr_auc": 0.1631771983061513,
  "roc_auc": 0.8519277918998382,
  "f1": 0.2933579335793358,
  "precision": 0.2420091324200913,
  "recall": 0.37236533957845436,
  "tp": 159,
  "fp": 498,
  "fn": 268,
  "tn": 299075
}