{
  "n": 401059,
  "n_malignant": 393,
  "n_benign": 400666,
  "prevalence": 0.0009799056996601498,
  "threshold": 0.4037967683462331,
  "pr_auc": 0.05813615454333151,
  "roc_auc": 0.945341743909876,
  "f1": 0.018498854300564468,
  "precision": 0.009352131777470121,
  "recall": 0.8422391857506362,
  "tp": 331,
  "fp": 35062,
  "fn": 62,
  "tn": 365604
}