{
  "n": 300000,
  "n_malignant": 27272,
  "n_benign": 272728,
  "ratio": 10,
  "threshold": 0.601502627414501,
  "pr_auc": 0.9987829171659129,
  "roc_auc": 0.9998652279065713,
  "f1": 0.9852978918423465,
  "precision": 0.9851895300241953,
  "recall": 0.9854062775007334,
  "tp": 26874,
  "fp": 404,
  "fn": 398,
  "tn": 272324
}