{
  "n": 300000,
  "n_malignant": 499,
  "n_benign": 299501,
  "ratio": 600,
  "threshold": 0.9831775189021743,
  "pr_auc": 0.313401680672434,
  "roc_auc": 0.94499126432738,
  "f1": 0.4975,
  "precision": 0.6611295681063123,
  "recall": 0.39879759519038077,
  "tp": 199,
  "fp": 102,
  "fn": 300,
  "tn": 299399
}