{
  "n": 300000,
  "n_malignant": 14285,
  "n_benign": 285715,
  "ratio": 20,
  "threshold": 0.6957268837783188,
  "pr_auc": 0.9971908487281186,
  "roc_auc": 0.9997959677834443,
  "f1": 0.9786096256684492,
  "precision": 0.9836622109060047,
  "recall": 0.9736086804340217,
  "tp": 13908,
  "fp": 231,
  "fn": 377,
  "tn": 285484
}