{
  "n": 300000,
  "n_malignant": 50000,
  "n_benign": 250000,
  "ratio": 5,
  "threshold": 0.5658228372133128,
  "pr_auc": 0.9994195323452159,
  "roc_auc": 0.9998755252,
  "f1": 0.9899648820898659,
  "precision": 0.990470279685279,
  "recall": 0.98946,
  "tp": 49473,
  "fp": 476,
  "fn": 527,
  "tn": 249524
}