{
  "n": 300000,
  "n_malignant": 50000,
  "n_benign": 250000,
  "ratio": 5,
  "threshold": 0.7453412862192029,
  "pr_auc": 0.9999635089955217,
  "roc_auc": 0.99999202712,
  "f1": 0.9988995157869462,
  "precision": 0.9993394186884458,
  "recall": 0.99846,
  "tp": 49923,
  "fp": 33,
  "fn": 77,
  "tn": 249967
}