{
  "n": 300000,
  "n_malignant": 18750,
  "n_benign": 281250,
  "ratio": 15,
  "threshold": 0.6384066817356207,
  "pr_auc": 0.9953871265741844,
  "roc_auc": 0.9996110307555556,
  "f1": 0.9703367183324425,
  "precision": 0.9724156400642743,
  "recall": 0.9682666666666667,
  "tp": 18155,
  "fp": 515,
  "fn": 595,
  "tn": 280735
}