{
  "n": 401059,
  "n_malignant": 393,
  "n_benign": 400666,
  "prevalence": 0.0009799056996601498,
  "threshold": 0.33453027165116034,
  "pr_auc": 0.05861605241783502,
  "roc_auc": 0.9464916423061456,
  "f1": 0.017917557582483017,
  "precision": 0.009055096569458883,
  "recall": 0.8422391857506362,
  "tp": 331,
  "fp": 36223,
  "fn": 62,
  "tn": 364443
}