{
  "n": 300000,
  "n_malignant": 9677,
  "n_benign": 290323,
  "ratio": 30,
  "threshold": 0.23177466285660403,
  "pr_auc": 0.6258217147455406,
  "roc_auc": 0.9513873725043019,
  "f1": 0.6130343993845477,
  "precision": 0.6546180025818565,
  "recall": 0.5764183114601633,
  "tp": 5578,
  "fp": 2943,
  "fn": 4099,
  "tn": 287380
}