{
  "n": 300000,
  "n_malignant": 27272,
  "n_benign": 272728,
  "ratio": 10,
  "threshold": 0.6000715045039028,
  "pr_auc": 0.9966110030030793,
  "roc_auc": 0.9995945433345668,
  "f1": 0.9741610614915279,
  "precision": 0.9764939945471962,
  "recall": 0.9718392490466412,
  "tp": 26504,
  "fp": 638,
  "fn": 768,
  "tn": 272090
}