{
  "n": 401059,
  "n_malignant": 393,
  "n_benign": 400666,
  "prevalence": 0.0009799056996601498,
  "threshold": 0.2594144168817215,
  "pr_auc": 0.06239894374970405,
  "roc_auc": 0.9445666540274056,
  "f1": 0.015979894731850727,
  "precision": 0.008065095129831279,
  "recall": 0.8575063613231552,
  "tp": 337,
  "fp": 41448,
  "fn": 56,
  "tn": 359218
}