{
  "n": 300000,
  "n_malignant": 14285,
  "n_benign": 285715,
  "ratio": 20,
  "threshold": 0.67996718563303,
  "pr_auc": 0.9937939071903491,
  "roc_auc": 0.999552060167802,
  "f1": 0.9661978781149766,
  "precision": 0.9730228595768848,
  "recall": 0.95946797339867,
  "tp": 13706,
  "fp": 380,
  "fn": 579,
  "tn": 285335
}