{
  "n": 300000,
  "n_malignant": 299,
  "n_benign": 299701,
  "ratio": 1000,
  "threshold": 0.9943764954091413,
  "pr_auc": 0.013979678664210668,
  "roc_auc": 0.6974632933767131,
  "f1": 0.05995203836930456,
  "precision": 0.03404448479346346,
  "recall": 0.2508361204013378,
  "tp": 75,
  "fp": 2128,
  "fn": 224,
  "tn": 297573
}