{
  "n": 293604,
  "n_malignant": 50000,
  "n_benign": 243604,
  "ratio": 5,
  "threshold": 0.5773266223442506,
  "pr_auc": 0.9831181702987555,
  "roc_auc": 0.9973583798295594,
  "f1": 0.9536459156264813,
  "precision": 0.9418890449438202,
  "recall": 0.9657,
  "tp": 48285,
  "fp": 2979,
  "fn": 1715,
  "tn": 240625
}