{
  "n": 300000,
  "n_malignant": 27272,
  "n_benign": 272728,
  "ratio": 10,
  "threshold": 0.6041619944198696,
  "pr_auc": 0.9966595263404061,
  "roc_auc": 0.999598704221095,
  "f1": 0.9745041451443908,
  "precision": 0.9770725054369862,
  "recall": 0.9719492519800528,
  "tp": 26507,
  "fp": 622,
  "fn": 765,
  "tn": 272106
}