{
  "n": 300000,
  "n_malignant": 427,
  "n_benign": 299573,
  "ratio": 700,
  "threshold": 0.908677925903544,
  "pr_auc": 0.16484378816315035,
  "roc_auc": 0.8460816566930773,
  "f1": 0.3184713375796178,
  "precision": 0.2604166666666667,
  "recall": 0.4098360655737705,
  "tp": 175,
  "fp": 497,
  "fn": 252,
  "tn": 299076
}