{
  "n_test": 80212,
  "n_malignant_test": 79,
  "n_benign_test": 80133,
  "pr_auc": 0.07755558718060131,
  "roc_auc": 0.9449465895859527,
  "best_f1_threshold": 0.9439406491852464,
  "best_f1": 0.18248175182481752,
  "precision_at_best_f1": 0.1282051282051282,
  "recall_at_best_f1": 0.31645569620253167,
  "tp_at_best_f1": 25,
  "fp_at_best_f1": 170,
  "fn_at_best_f1": 54,
  "tn_at_best_f1": 79963
}