{
  "n_test": 80211,
  "n_malignant_test": 78,
  "n_benign_test": 80133,
  "pr_auc": 0.06110569476149487,
  "roc_auc": 0.9593648316084766,
  "best_f1_threshold": 0.9633438840799259,
  "best_f1": 0.1688888888888889,
  "precision_at_best_f1": 0.1292517006802721,
  "recall_at_best_f1": 0.24358974358974358,
  "tp_at_best_f1": 19,
  "fp_at_best_f1": 128,
  "fn_at_best_f1": 59,
  "tn_at_best_f1": 80005
}