{
  "n": 401059,
  "n_malignant": 393,
  "n_benign": 400666,
  "prevalence": 0.0009799056996601498,
  "threshold": 0.4037967683462331,
  "pr_auc": 0.06060956740599698,
  "roc_auc": 0.945985913098457,
  "f1": 0.01886739161135433,
  "precision": 0.009539586427510568,
  "recall": 0.8498727735368957,
  "tp": 334,
  "fp": 34678,
  "fn": 59,
  "tn": 365988
}