{
  "n": 300000,
  "n_malignant": 18750,
  "n_benign": 281250,
  "ratio": 15,
  "threshold": 0.6532960008133957,
  "pr_auc": 0.9954408745004569,
  "roc_auc": 0.9996208359348148,
  "f1": 0.9708363461074958,
  "precision": 0.974987897369695,
  "recall": 0.96672,
  "tp": 18126,
  "fp": 465,
  "fn": 624,
  "tn": 280785
}