{
  "n": 300000,
  "n_malignant": 11538,
  "n_benign": 288462,
  "ratio": 25,
  "threshold": 0.6973094749409506,
  "pr_auc": 0.9922061435581098,
  "roc_auc": 0.9995386047712826,
  "f1": 0.9613182394335417,
  "precision": 0.9696675778150075,
  "recall": 0.953111457791645,
  "tp": 10997,
  "fp": 344,
  "fn": 541,
  "tn": 288118
}